{
    "name": "root",
    "metadata": {
        "timer_format_version": "0.1.0",
        "start_time_seconds": "1715780642",
        "python_version": "3.8.19 (default, Mar 20 2024, 19:55:45) [MSC v.1916 64 bit (AMD64)]",
        "command_line_arguments": "C:\\Users\\seul\\anaconda3\\envs\\unity_3D_env\\Scripts\\mlagents-learn --force",
        "mlagents_version": "0.26.0",
        "mlagents_envs_version": "0.26.0",
        "communication_protocol_version": "1.5.0",
        "pytorch_version": "2.2.1",
        "numpy_version": "1.19.0",
        "end_time_seconds": "1715780682"
    },
    "total": 40.1826932,
    "count": 1,
    "self": 0.010767700000002378,
    "children": {
        "run_training.setup": {
            "total": 0.07006110000000021,
            "count": 1,
            "self": 0.07006110000000021
        },
        "TrainerController.start_learning": {
            "total": 40.1018644,
            "count": 1,
            "self": 0.02764300000004738,
            "children": {
                "TrainerController._reset_env": {
                    "total": 9.6980906,
                    "count": 1,
                    "self": 9.6980906
                },
                "TrainerController.advance": {
                    "total": 30.143555899999956,
                    "count": 862,
                    "self": 0.025736299999888246,
                    "children": {
                        "env_step": {
                            "total": 29.60641680000005,
                            "count": 862,
                            "self": 25.96379910000004,
                            "children": {
                                "SubprocessEnvManager._take_step": {
                                    "total": 3.6178152000000416,
                                    "count": 862,
                                    "self": 0.08019100000012713,
                                    "children": {
                                        "TorchPolicy.evaluate": {
                                            "total": 3.5376241999999145,
                                            "count": 828,
                                            "self": 0.5413580999998207,
                                            "children": {
                                                "TorchPolicy.sample_actions": {
                                                    "total": 2.996266100000094,
                                                    "count": 828,
                                                    "self": 2.996266100000094
                                                }
                                            }
                                        }
                                    }
                                },
                                "workers": {
                                    "total": 0.02480249999996964,
                                    "count": 861,
                                    "self": 0.0,
                                    "children": {
                                        "worker_root": {
                                            "total": 32.6506582,
                                            "count": 861,
                                            "is_parallel": true,
                                            "self": 8.637909800000024,
                                            "children": {
                                                "steps_from_proto": {
                                                    "total": 0.03150370000000002,
                                                    "count": 1,
                                                    "is_parallel": true,
                                                    "self": 0.0002062999999994375,
                                                    "children": {
                                                        "_process_rank_one_or_two_observation": {
                                                            "total": 0.00023719999999993746,
                                                            "count": 4,
                                                            "is_parallel": true,
                                                            "self": 0.00023719999999993746
                                                        },
                                                        "_process_maybe_compressed_observation": {
                                                            "total": 0.03106020000000065,
                                                            "count": 2,
                                                            "is_parallel": true,
                                                            "self": 5.7900000000721263e-05,
                                                            "children": {
                                                                "_observation_to_np_array": {
                                                                    "total": 0.031002299999999927,
                                                                    "count": 1,
                                                                    "is_parallel": true,
                                                                    "self": 3.0899999999611794e-05,
                                                                    "children": {
                                                                        "process_pixels": {
                                                                            "total": 0.030971400000000315,
                                                                            "count": 1,
                                                                            "is_parallel": true,
                                                                            "self": 0.0010882000000007608,
                                                                            "children": {
                                                                                "image_decompress": {
                                                                                    "total": 0.029883199999999555,
                                                                                    "count": 3,
                                                                                    "is_parallel": true,
                                                                                    "self": 0.029883199999999555
                                                                                }
                                                                            }
                                                                        }
                                                                    }
                                                                }
                                                            }
                                                        }
                                                    }
                                                },
                                                "UnityEnvironment.step": {
                                                    "total": 23.981244699999976,
                                                    "count": 861,
                                                    "is_parallel": true,
                                                    "self": 0.14611829999991954,
                                                    "children": {
                                                        "UnityEnvironment._generate_step_input": {
                                                            "total": 0.11622369999991733,
                                                            "count": 861,
                                                            "is_parallel": true,